Workbook
Name _SP1: [1]FES!#REF!
Name _SP10: [1]FES!#REF!
Name _SP11: [1]FES!#REF!
Name _SP12: [1]FES!#REF!
Name _SP13: [1]FES!#REF!
Name _SP14: [1]FES!#REF!
Name _SP15: [1]FES!#REF!
Name _SP16: [1]FES!#REF!
Name _SP17: [1]FES!#REF!
Name _SP18: [1]FES!#REF!
Name _SP19: [1]FES!#REF!
Name _SP2: [1]FES!#REF!
Name _SP20: [1]FES!#REF!
Name _SP3: [1]FES!#REF!
Name _SP4: [1]FES!#REF!
Name _SP5: [1]FES!#REF!
Name _SP7: [1]FES!#REF!
Name _SP8: [1]FES!#REF!
Name _SP9: [1]FES!#REF!
Name a: #NAME?
Name B: #NAME?
Name CompOt: #NAME?
Name CompOt2: #NAME?
Name CompRas: #NAME?
Name Contents: [2]Содержание!$A$3
Name CUR_VER: [3]Заголовок!$B$21
Name e: #NAME?
Name ew: #NAME?
Name Excel_BuiltIn__FilterDatabase_19: #NAME?
Name Excel_BuiltIn__FilterDatabase_22: #NAME?
Name Excel_BuiltIn__FilterDatabase_8_1: "$#ССЫЛ!.$D$1:$D$100"
Name Excel_BuiltIn__FilterDatabase_8_21: #REF!
Name Excel_BuiltIn_Print_Area_15: (#REF!,#REF!)
Name Excel_BuiltIn_Print_Area_16: (#REF!,#REF!)
Name Excel_BuiltIn_Print_Titles_15: #REF!
Name Excel_BuiltIn_Print_Titles_16: #REF!
Name EXPE: #REF!
Name EXPF: #REF!
Name EXPM: #REF!
Name fg: #NAME?
Name fil_2_16: #N/A
Name fil_2_18: #N/A
Name fil_2_19: #N/A
Name fil_2_22: #NAME?
Name fil_21: #REF!
Name fil_3_16: #N/A
Name fil_3_18: #N/A
Name fil_3_19: #N/A
Name fil_3_22: #NAME?
Name fil_4_16: #N/A
Name fil_4_18: #N/A
Name fil_4_19: #N/A
Name fil_4_22: #NAME?
Name g: #NAME?
Name H?Address: [2]Заголовок!$B$7:$G$7
Name H?Description: [2]Заголовок!$A$4
Name H?EntityName: [2]Заголовок!$B$6:$G$6
Name H?Name: [2]Заголовок!$G$1
Name H?OKATO: [2]Заголовок!$D$12
Name H?OKFS: [2]Заголовок!$G$12

Sheet План ОПЭ
B1: Общество | C1: Филиал | D1: РЭС | E1: Абоненский номер | F1: IMEI | G1: Наличие ПО на МУ | H1: ФИО начальника РЭС | I1: Номер телефона | J1: ФИО ГИ РЭС | K1: Номер телефона
A2: 1 | B2: Центр | C2: Белгородэнерго | D2: Белгородские электрические сети | E2: 9155209202 | F2: 358205086910745 | G2: =IF(IFERROR(MATCH(F2,МДМ!$A:$A,0),0)=0,"Не установлено","Установлено") -> Установлено
A3: 2 | B3: Центр | C3: Белгородэнерго | D3: Белгородский | E3: 9155201469 | F3: 358205083587181 | G3: =IF(IFERROR(MATCH(F3,МДМ!$A:$A,0),0)=0,"Не установлено","Установлено") -> Установлено | H3: Егоров Владислав Владимирович | I3: 9102215242
A4: 3 | B4: Центр | C4: Белгородэнерго | D4: Борисовский | E4: 9107362214 | F4: 358205082874705 | G4: =IF(IFERROR(MATCH(F4,МДМ!$A:$A,0),0)=0,"Не установлено","Установлено") -> Установлено | H4: Шабров Роман Александрович | I4: 9803940075
A5: 4 | B5: Центр | C5: Белгородэнерго | D5: Валуйский | E5: 9155202154 | F5: 358205086906560 | G5: =IF(IFERROR(MATCH(F5,МДМ!$A:$A,0),0)=0,"Не установлено","Установлено") -> Установлено | H5: Лысенко Алексей Анатольевич | I5: 9102215254
A6: 5 | B6: Центр | C6: Белгородэнерго | D6: Яковлевский | E6: 9155203044 | F6: 358205086909002 | G6: =IF(IFERROR(MATCH(F6,МДМ!$A:$A,0),0)=0,"Не установлено","Установлено") -> Не установлено | H6: Агафонов Андрей Николаевич | I6: 9102215277
A7: 6 | B7: Центр | C7: Белгородэнерго | D7: Прохоровский | E7: 9803708255 | F7: 358205082874911 | G7: =IF(IFERROR(MATCH(F7,МДМ!$A:$A,0),0)=0,"Не установлено","Установлено") -> Установлено | H7: Козлов Юрий Анатольевич | I7: 9102215066
A8: 7 | B8: Центр | C8: Белгородэнерго | D8: Ракитянский | E8: 9155200551 | F8: 358205086913533 | G8: =IF(IFERROR(MATCH(F8,МДМ!$A:$A,0),0)=0,"Не установлено","Установлено") -> Установлено | H8: Федутенко Эдуард Викторович | I8: 9102215246
A9: 8 | B9: Центр | C9: Белгородэнерго | D9: Алексеевский | E9: 9155200553 | F9: 358205086913657 | G9: =IF(IFERROR(MATCH(F9,МДМ!$A:$A,0),0)=0,"Не установлено","Установлено") -> Установлено | H9: Рыжих Николай Михайлович | I9: 9192296984
A10: 9 | B10: Центр | C10: Белгородэнерго | D10: Губкинский | E10: 9803709156 | F10: 358205082874960 | G10: =IF(IFERROR(MATCH(F10,МДМ!$A:$A,0),0)=0,"Не установлено","Установлено") -> Установлено | H10: Чуриков Сергей Леонидович | I10: 9102215275
A11: 10 | B11: Центр | C11: Белгородэнерго | D11: Новооскольский | E11: 9155209179 | F11: 358205086909671 | G11: =IF(IFERROR(MATCH(F11,МДМ!$A:$A,0),0)=0,"Не установлено","Установлено") -> Не установлено | H11: Гамзатов Валерий Авалуевич | I11: 9192296052
A12: 11 | B12: Центр | C12: Белгородэнерго | D12: Ивнянский | E12: 9155200226 | F12: 358205086912220 | G12: =IF(IFERROR(MATCH(F12,МДМ!$A:$A,0),0)=0,"Не установлено","Установлено") -> Не установлено | H12: Бардокин Николай Александрович | I12: 9192296380
A13: 12 | B13: Центр | C13: Белгородэнерго | D13: Чернянский | E13: 9803708550 | F13: 358205083585870 | G13: =IF(IFERROR(MATCH(F13,МДМ!$A:$A,0),0)=0,"Не установлено","Установлено") -> Не установлено | H13: Банченко Сергей Михайлович | I13: 9155706670
A14: 13 | B14: Центр | C14: Белгородэнерго | D14: Красненский | E14: 9155200447 | F14: 358205086913061 | G14: =IF(IFERROR(MATCH(F14,МДМ!$A:$A,0),0)=0,"Не установлено","Установлено") -> Установлено | H14: Бабин Олег Иванович | I14: 9102215829
A15: 14 | B15: Центр | C15: Брянскэнерго | D15: Брянский | E15: 9206031225 | F15: 358205080871745 | G15: =IF(IFERROR(MATCH(F15,МДМ!$A:$A,0),0)=0,"Не установлено","Установлено") -> Не установлено | H15: Котов Евгений Олегович | I15: 9191913044
A16: 15 | B16: Центр | C16: Брянскэнерго | D16: Выгоничский | E16: 9206031976 | F16: 358205080845988 | G16: =IF(IFERROR(MATCH(F16,МДМ!$A:$A,0),0)=0,"Не установлено","Установлено") -> Не установлено | H16: Шматков Владимир Николаевич | I16: 9155356861
A17: 16 | B17: Центр | C17: Брянскэнерго | D17: Стародубский | E17: 9206032134 | F17: 358205080847315 | G17: =IF(IFERROR(MATCH(F17,МДМ!$A:$A,0),0)=0,"Не установлено","Установлено") -> Установлено | H17: Трусов Дмитрий Владимирович | I17: 9102301812
A18: 17 | B18: Центр | C18: Брянскэнерго | D18: Почепский | E18: 9206031245 | F18: 358205080898136 | G18: =IF(IFERROR(MATCH(F18,МДМ!$A:$A,0),0)=0,"Не установлено","Установлено") -> Установлено | H18: Вавулин Роман Алексеевич | I18: 9803021850
A19: 18 | B19: ЦИП | C19: Владимирэнерго | D19: Суздальский | E19: 9106700552 9106700553 9106700554 9106700558 | F19: 358205080890570 | G19: =IF(IFERROR(MATCH(F19,МДМ!$A:$A,0),0)=0,"Не установлено","Установлено") -> Установлено | H19: Волков Александр Сергеевич | I19: 9200556534
A20: 19 | B20: ЦИП | C20: Владимирэнерго | D20: Суздальский | E20: 9106700552 9106700553 9106700554 9106700558 | F20: 358205080890539 | G20: =IF(IFERROR(MATCH(F20,МДМ!$A:$A,0),0)=0,"Не установлено","Установлено") -> Не установлено | H20: Волков Александр Сергеевич | I20: 9200556534
A21: 20 | B21: ЦИП | C21: Владимирэнерго | D21: Суздальский | E21: 9106700552 9106700553 9106700554 9106700558 | F21: 358205080889770 | G21: =IF(IFERROR(MATCH(F21,МДМ!$A:$A,0),0)=0,"Не установлено","Установлено") -> Не установлено | H21: Волков Александр Сергеевич | I21: 9200556534
A22: 21 | B22: ЦИП | C22: Владимирэнерго | D22: Суздальский | E22: 9106700552 9106700553 9106700554 9106700558 | F22: 358205080890927 | G22: =IF(IFERROR(MATCH(F22,МДМ!$A:$A,0),0)=0,"Не установлено","Установлено") -> Не установлено | H22: Волков Александр Сергеевич | I22: 9200556534
A23: 22 | B23: ЦИП | C23: Владимирэнерго | D23: Судогодский | E23: 9106700443 9106700445 9106700449 | F23: 358205080900120 | G23: =IF(IFERROR(MATCH(F23,МДМ!$A:$A,0),0)=0,"Не установлено","Установлено") -> Не установлено | H23: Хрипачев Антон Николаевич | I23: 9100369328
A24: 23 | B24: ЦИП | C24: Владимирэнерго | D24: Судогодский | E24: 9106700443 9106700445 9106700449 | F24: 358205080890547 | G24: =IF(IFERROR(MATCH(F24,МДМ!$A:$A,0),0)=0,"Не установлено","Установлено") -> Не установлено | H24: Хрипачев Антон Николаевич | I24: 9100369328
A25: 24 | B25: ЦИП | C25: Владимирэнерго | D25: Судогодский | E25: 9106700443 9106700445 9106700449 | F25: 358205080890760 | G25: =IF(IFERROR(MATCH(F25,МДМ!$A:$A,0),0)=0,"Не установлено","Установлено") -> Не установлено | H25: Хрипачев Антон Николаевич | I25: 9100369328
A26: 25 | B26: ЦИП | C26: Владимирэнерго | D26: Александровский | E26: 9106700098 9106700112 9106700113 9190021136 9190021131 9101702541 | F26: 358205080903639 | G26: =IF(IFERROR(MATCH(F26,МДМ!$A:$A,0),0)=0,"Не установлено","Установлено") -> Не установлено | H26: Чуев Андрей Николаевич | I26: 9100362352
A27: 26 | B27: ЦИП | C27: Владимирэнерго | D27: Александровский | E27: 9106700098 9106700112 9106700113 9190021136 9190021131 9101702541 | F27: 358205080903670 | G27: =IF(IFERROR(MATCH(F27,МДМ!$A:$A,0),0)=0,"Не установлено","Установлено") -> Установлено | H27: Чуев Андрей Николаевич | I27: 9100362352
A28: 27 | B28: ЦИП | C28: Владимирэнерго | D28: Александровский | E28: 9106700098 9106700112 9106700113 9190021136 9190021131 9101702541 | F28: 358205080903696 | G28: =IF(IFERROR(MATCH(F28,МДМ!$A:$A,0),0)=0,"Не установлено","Установлено") -> Установлено | H28: Чуев Андрей Николаевич | I28: 9100362352
A29: 28 | B29: ЦИП | C29: Владимирэнерго | D29: Александровский | E29: 9106700098 9106700112 9106700113 9190021136 9190021131 9101702541 | F29: 358205083574502 | G29: =IF(IFERROR(MATCH(F29,МДМ!$A:$A,0),0)=0,"Не установлено","Установлено") -> Установлено | H29: Чуев Андрей Николаевич | I29: 9100362352
A30: 29 | B30: ЦИП | C30: Владимирэнерго | D30: Александровский | E30: 9106700098 9106700112 9106700113 9190021136 9190021131 9101702541 | F30: 358205086913806 | G30: =IF(IFERROR(MATCH(F30,МДМ!$A:$A,0),0)=0,"Не установлено","Установлено") -> Установлено | H30: Чуев Андрей Николаевич | I30: 9100362352
... A33: 32 | B33: ЦИП | C33: Владимирэнерго | D33: Киржачский | E33: 9106700092 9157600294 | F33: 358205083574577 | G33: =IF(IFERROR(MATCH(F33,МДМ!$A:$A,0),0)=0,"Не установлено","Установлено") -> Не установлено | H33: Ботков Антон Алексеевич | I33: 9106765272
A34: 33 | B34: ЦИП | C34: Владимирэнерго | D34: Гороховецкий | E34: 9106700668 9106700771 9106700772 | F34: 358205080889887 | G34: =IF(IFERROR(MATCH(F34,МДМ!$A:$A,0),0)=0,"Не установлено","Установлено") -> Установлено | H34: Мишин Сергей Александрович | I34: Sergey_Aleksandrovich_Mishin@mail.local
A35: 34 | B35: ЦИП | C35: Владимирэнерго | D35: Гороховецкий | E35: 9106700668 9106700771 9106700772 | F35: 358205080889838 | G35: =IF(IFERROR(MATCH(F35,МДМ!$A:$A,0),0)=0,"Не установлено","Установлено") -> Не установлено | H35: Мишин Сергей Александрович | I35: Sergey_Aleksandrovich_Mishin@mail.local
A36: 35 | B36: ЦИП | C36: Владимирэнерго | D36: Гороховецкий | E36: 9106700668 9106700771 9106700772 | F36: 358205080890067 | G36: =IF(IFERROR(MATCH(F36,МДМ!$A:$A,0),0)=0,"Не установлено","Установлено") -> Не установлено | H36: Мишин Сергей Александрович | I36: Sergey_Aleksandrovich_Mishin@mail.local
A37: 36 | B37: ЦИП | C37: Владимирэнерго | D37: Камешковский | E37: 9106700119 9106700217 9106700224 | F37: 358205080890661 | G37: =IF(IFERROR(MATCH(F37,МДМ!$A:$A,0),0)=0,"Не установлено","Установлено") -> Установлено | H37: Ломакин Николай Иванович | I37: 9106765924
A38: 37 | B38: ЦИП | C38: Владимирэнерго | D38: Камешковский | E38: 9106700119 9106700217 9106700224 | F38: 358205080890554 | G38: =IF(IFERROR(MATCH(F38,МДМ!$A:$A,0),0)=0,"Не установлено","Установлено") -> Установлено | H38: Ломакин Николай Иванович | I38: 9106765924
A39: 38 | B39: ЦИП | C39: Владимирэнерго | D39: Камешковский | E39: 9106700119 9106700217 9106700224 | F39: 358205080890620 | G39: =IF(IFERROR(MATCH(F39,МДМ!$A:$A,0),0)=0,"Не установлено","Установлено") -> Установлено | H39: Ломакин Николай Иванович | I39: 9106765924
A40: 39 | B40: ЦИП | C40: Владимирэнерго | D40: Петушинский | E40: 9106700225 9106700441 | F40: 358205080890885 | G40: =IF(IFERROR(MATCH(F40,МДМ!$A:$A,0),0)=0,"Не установлено","Установлено") -> Не установлено | H40: Шубин Алексей Анатольевич | I40: Aleksey_Anatol'evich_Shubin@mail.local
A41: 40 | B41: ЦИП | C41: Владимирэнерго | D41: Петушинский | E41: 9106700225 9106700441 | F41: 358205080900106 | G41: =IF(IFERROR(MATCH(F41,МДМ!$A:$A,0),0)=0,"Не установлено","Установлено") -> Не установлено | H41: Шубин Алексей Анатольевич | I41: Aleksey_Anatol'evich_Shubin@mail.local
A42: 41 | B42: ЦИП | C42: Владимирэнерго | D42: Юрьев-Польский | E42: 9106700114 9106700115 9106700118 | F42: 358205080900049 | G42: =IF(IFERROR(MATCH(F42,МДМ!$A:$A,0),0)=0,"Не установлено","Установлено") -> Не установлено | H42: Савельев Василий Алексеевич | I42: 9106765300
A43: 42 | B43: ЦИП | C43: Владимирэнерго | D43: Юрьев-Польский | E43: 9106700114 9106700115 9106700118 | F43: 358205080904843 | G43: =IF(IFERROR(MATCH(F43,МДМ!$A:$A,0),0)=0,"Не установлено","Установлено") -> Не установлено | H43: Савельев Василий Алексеевич | I43: 9106765300
A44: 43 | B44: ЦИП | C44: Владимирэнерго | D44: Юрьев-Польский | E44: 9106700114 9106700115 9106700118 | F44: 358205080890646 | G44: =IF(IFERROR(MATCH(F44,МДМ!$A:$A,0),0)=0,"Не установлено","Установлено") -> Не установлено | H44: Савельев Василий Алексеевич | I44: 9106765300
A45: 44 | B45: ЦИП | C45: Владимирэнерго | D45: Гусевской | E45: 9106700043 9106700045 9106700035 9106700091 | F45: 358205080903423 | G45: =IF(IFERROR(MATCH(F45,МДМ!$A:$A,0),0)=0,"Не установлено","Установлено") -> Не установлено | H45: Гусаров Павел Владимирович | I45: 9308368991
A46: 45 | B46: ЦИП | C46: Владимирэнерго | D46: Гусевской | E46: 9106700043 9106700045 9106700035 9106700091 | F46: 358205080903449 | G46: =IF(IFERROR(MATCH(F46,МДМ!$A:$A,0),0)=0,"Не установлено","Установлено") -> Не установлено | H46: Гусаров Павел Владимирович | I46: 9308368991
A47: 46 | B47: ЦИП | C47: Владимирэнерго | D47: Гусевской | E47: 9106700043 9106700045 9106700035 9106700091 | F47: 358205080899829 | G47: =IF(IFERROR(MATCH(F47,МДМ!$A:$A,0),0)=0,"Не установлено","Установлено") -> Не установлено | H47: Гусаров Павел Владимирович | I47: 9308368991
A48: 47 | B48: ЦИП | C48: Владимирэнерго | D48: Гусевской | E48: 9106700043 9106700045 9106700035 9106700091 | F48: 358205080899647 | G48: =IF(IFERROR(MATCH(F48,МДМ!$A:$A,0),0)=0,"Не установлено","Установлено") -> Не установлено | H48: Гусаров Павел Владимирович | I48: 9308368991
A49: 48 | B49: ЦИП | C49: Владимирэнерго | D49: Собинский | E49: 9106700025 9106700041 9106700052 9106700053 9106700083 9106700084 9106700085 | F49: 358205080903563 | G49: =IF(IFERROR(MATCH(F49,МДМ!$A:$A,0),0)=0,"Не установлено","Установлено") -> Не установлено
A50: 49 | B50: ЦИП | C50: Владимирэнерго | D50: Собинский | E50: 9106700025 9106700041 9106700052 9106700053 9106700083 9106700084 9106700085 | F50: 358205080890877 | G50: =IF(IFERROR(MATCH(F50,МДМ!$A:$A,0),0)=0,"Не установлено","Установлено") -> Не установлено
A51: 50 | B51: ЦИП | C51: Владимирэнерго | D51: Собинский | E51: 9106700025 9106700041 9106700052 9106700053 9106700083 9106700084 9106700085 | F51: 358205080905030 | G51: =IF(IFERROR(MATCH(F51,МДМ!$A:$A,0),0)=0,"Не установлено","Установлено") -> Установлено
A52: 51 | B52: ЦИП | C52: Владимирэнерго | D52: Собинский | E52: 9106700025 9106700041 9106700052 9106700053 9106700083 9106700084 9106700085 | F52: 358205080903985 | G52: =IF(IFERROR(MATCH(F52,МДМ!$A:$A,0),0)=0,"Не установлено","Установлено") -> Установлено
A53: 52 | B53: ЦИП | C53: Владимирэнерго | D53: Собинский | E53: 9106700025 9106700041 9106700052 9106700053 9106700083 9106700084 9106700085 | F53: 358205080903324 | G53: =IF(IFERROR(MATCH(F53,МДМ!$A:$A,0),0)=0,"Не установлено","Установлено") -> Установлено
A54: 53 | B54: ЦИП | C54: Владимирэнерго | D54: Собинский | E54: 9106700025 9106700041 9106700052 9106700053 9106700083 9106700084 9106700085 | F54: 358205080904074 | G54: =IF(IFERROR(MATCH(F54,МДМ!$A:$A,0),0)=0,"Не установлено","Установлено") -> Установлено
A55: 54 | B55: ЦИП | C55: Владимирэнерго | D55: Собинский | E55: 9106700025 9106700041 9106700052 9106700053 9106700083 9106700084 9106700085 | F55: 358205080899852 | G55: =IF(IFERROR(MATCH(F55,МДМ!$A:$A,0),0)=0,"Не установлено","Установлено") -> Не установлено
A56: 55 | B56: ЦИП | C56: Владимирэнерго | D56: Муромский | E56: 9106700884 9106700885 9106700992 | F56: 358205080899472 | G56: =IF(IFERROR(MATCH(F56,МДМ!$A:$A,0),0)=0,"Не установлено","Установлено") -> Не установлено | H56: Коноплев Алексей Николаевич | I56: 9101803308
A57: 56 | B57: ЦИП | C57: Владимирэнерго | D57: Муромский | E57: 9106700884 9106700885 9106700992 | F57: 358205080899480 | G57: =IF(IFERROR(MATCH(F57,МДМ!$A:$A,0),0)=0,"Не установлено","Установлено") -> Не установлено | H57: Коноплев Алексей Николаевич | I57: 9101803308
A58: 57 | B58: ЦИП | C58: Владимирэнерго | D58: Муромский | E58: 9106700884 9106700885 9106700992 | F58: 358205080899605 | G58: =IF(IFERROR(MATCH(F58,МДМ!$A:$A,0),0)=0,"Не установлено","Установлено") -> Не установлено | H58: Коноплев Алексей Николаевич | I58: 9101803308
A59: 58 | B59: ЦИП | C59: Владимирэнерго | D59: Вязниковский | E59: 9106700559 9106700661 9106700662 9106700663 9106700664 | F59: 358205080889986 | G59: =IF(IFERROR(MATCH(F59,МДМ!$A:$A,0),0)=0,"Не установлено","Установлено") -> Установлено | H59: Жунин Денис Николаевич | I59: 9190206126
A60: 59 | B60: ЦИП | C60: Владимирэнерго | D60: Вязниковский | E60: 9106700559 9106700661 9106700662 9106700663 9106700664 | F60: 358205080889952 | G60: =IF(IFERROR(MATCH(F60,МДМ!$A:$A,0),0)=0,"Не установлено","Установлено") -> Не установлено | H60: Жунин Денис Николаевич | I60: 9190206126
A61: 60 | B61: ЦИП | C61: Владимирэнерго | D61: Вязниковский | E61: 9106700559 9106700661 9106700662 9106700663 9106700664 | F61: 358205080889846 | G61: =IF(IFERROR(MATCH(F61,МДМ!$A:$A,0),0)=0,"Не установлено","Установлено") -> Не установлено | H61: Жунин Денис Николаевич | I61: 9190206126
A62: 61 | B62: ЦИП | C62: Владимирэнерго | D62: Вязниковский | E62: 9106700559 9106700661 9106700662 9106700663 9106700664 | F62: 358205080889945 | G62: =IF(IFERROR(MATCH(F62,МДМ!$A:$A,0),0)=0,"Не установлено","Установлено") -> Не установлено | H62: Жунин Денис Николаевич | I62: 9190206126
A63: 62 | B63: ЦИП | C63: Владимирэнерго | D63: Вязниковский | E63: 9106700559 9106700661 9106700662 9106700663 9106700664 | F63: 358205080889903 | G63: =IF(IFERROR(MATCH(F63,МДМ!$A:$A,0),0)=0,"Не установлено","Установлено") -> Не установлено | H63: Жунин Денис Николаевич | I63: 9190206126
A64: 63 | B64: ЦИП | C64: Владимирэнерго | D64: Ковровский | E64: 9106700038 9106700093 | F64: 358205080903613 | G64: =IF(IFERROR(MATCH(F64,МДМ!$A:$A,0),0)=0,"Не установлено","Установлено") -> Не установлено | H64: Фролов Алексей Викторович | I64: 9101803301
A65: 64 | B65: ЦИП | C65: Владимирэнерго | D65: Ковровский | E65: 9106700038 9106700093 | F65: 358205080899787 | G65: =IF(IFERROR(MATCH(F65,МДМ!$A:$A,0),0)=0,"Не установлено","Установлено") -> Не установлено | H65: Фролов Алексей Викторович | I65: 9101803301
A66: 65 | B66: ЦИП | C66: Владимирэнерго | D66: Селивановский | E66: 9106700994 9106700995 9106700998 | F66: 358205080898433 | G66: =IF(IFERROR(MATCH(F66,МДМ!$A:$A,0),0)=0,"Не установлено","Установлено") -> Не установлено | H66: Рафаилов Александр Владимирович | I66: 9157529549
A67: 66 | B67: ЦИП | C67: Владимирэнерго | D67: Селивановский | E67: 9106700994 9106700995 9106700998 | F67: 358205080899563 | G67: =IF(IFERROR(MATCH(F67,МДМ!$A:$A,0),0)=0,"Не установлено","Установлено") -> Не установлено | H67: Рафаилов Александр Владимирович | I67: 9157529549
... A84: 83 | B84: Центр | C84: Воронежэнерго | D84: Лискинский | E84: 9102401550 9102400946 | F84: 358205080898045 | G84: =IF(IFERROR(MATCH(F84,МДМ!$A:$A,0),0)=0,"Не установлено","Установлено") -> Не установлено | H84: Чимин Валерий Владимирович | I84: 9802400726
A85: 84 | B85: ЦИП | C85: Ивэнерго | D85: Ивановский | E85: 9106904321 | F85: 358205082875090 | G85: =IF(IFERROR(MATCH(F85,МДМ!$A:$A,0),0)=0,"Не установлено","Установлено") -> Установлено | H85: Зарубин Артем Сергеевич | I85: 9106970494
A86: 85 | B86: ЦИП | C86: Калугаэнерго | D86: Кондровский | E86: 79158906767 79158904343 79158904818 79158900882 79158900446 | F86: 358205080899415 | G86: =IF(IFERROR(MATCH(F86,МДМ!$A:$A,0),0)=0,"Не установлено","Установлено") -> Не установлено | H86: Новиков Максим Николаевич | I86: Novikov.MN@kl.mrsk-cp.ru
A87: 86 | B87: ЦИП | C87: Калугаэнерго | D87: Кондровский | E87: 79158906767 79158904343 79158904818 79158900882 79158900446 | F87: 358205080902326 | G87: =IF(IFERROR(MATCH(F87,МДМ!$A:$A,0),0)=0,"Не установлено","Установлено") -> Не установлено | H87: Новиков Максим Николаевич | I87: Novikov.MN@kl.mrsk-cp.ru
A88: 87 | B88: ЦИП | C88: Калугаэнерго | D88: Кондровский | E88: 79158906767 79158904343 79158904818 79158900882 79158900446 | F88: 358205080909289 | G88: =IF(IFERROR(MATCH(F88,МДМ!$A:$A,0),0)=0,"Не установлено","Установлено") -> Не установлено | H88: Новиков Максим Николаевич | I88: Novikov.MN@kl.mrsk-cp.ru
A89: 88 | B89: ЦИП | C89: Калугаэнерго | D89: Кондровский | E89: 79158906767 79158904343 79158904818 79158900882 79158900446 | F89: 358205080898946 | G89: =IF(IFERROR(MATCH(F89,МДМ!$A:$A,0),0)=0,"Не установлено","Установлено") -> Не установлено | H89: Новиков Максим Николаевич | I89: Novikov.MN@kl.mrsk-cp.ru
A90: 89 | B90: ЦИП | C90: Калугаэнерго | D90: Кондровский | E90: 79158906767 79158904343 79158904818 79158900882 79158900446 | F90: 358205080898896 | G90: =IF(IFERROR(MATCH(F90,МДМ!$A:$A,0),0)=0,"Не установлено","Установлено") -> Не установлено | H90: Новиков Максим Николаевич | I90: Novikov.MN@kl.mrsk-cp.ru
A91: 90 | B91: ЦИП | C91: Калугаэнерго | D91: Приокский | E91: 79158900037 79158900332 79158900334 79158900027 79158900021 | F91: 358205080902086 | G91: =IF(IFERROR(MATCH(F91,МДМ!$A:$A,0),0)=0,"Не установлено","Установлено") -> Установлено | H91: Копылов Александр Владимирович | I91: 9105204508
A92: 91 | B92: ЦИП | C92: Калугаэнерго | D92: Приокский | E92: 79158900037 79158900332 79158900334 79158900027 79158900021 | F92: 358205080898748 | G92: =IF(IFERROR(MATCH(F92,МДМ!$A:$A,0),0)=0,"Не установлено","Установлено") -> Не установлено | H92: Копылов Александр Владимирович | I92: 9105204508
A93: 92 | B93: ЦИП | C93: Калугаэнерго | D93: Приокский | E93: 79158900037 79158900332 79158900334 79158900027 79158900021 | F93: 358205080898789 | G93: =IF(IFERROR(MATCH(F93,МДМ!$A:$A,0),0)=0,"Не установлено","Установлено") -> Установлено | H93: Копылов Александр Владимирович | I93: 9105204508
A94: 93 | B94: ЦИП | C94: Калугаэнерго | D94: Приокский | E94: 79158900037 79158900332 79158900334 79158900027 79158900021 | F94: 358205080890018 | G94: =IF(IFERROR(MATCH(F94,МДМ!$A:$A,0),0)=0,"Не установлено","Установлено") -> Установлено | H94: Копылов Александр Владимирович | I94: 9105204508
A95: 94 | B95: ЦИП | C95: Калугаэнерго | D95: Приокский | E95: 79158900037 79158900332 79158900334 79158900027 79158900021 | F95: 358205080903399 | G95: =IF(IFERROR(MATCH(F95,МДМ!$A:$A,0),0)=0,"Не установлено","Установлено") -> Установлено | H95: Копылов Александр Владимирович | I95: 9105204508
A96: 95 | B96: ЦИП | C96: Калугаэнерго | D96: Боровский | E96: 79158901818 79158902121 79158902929 79158902424 79158903362 79158900071 | F96: 358205080889135 | G96: =IF(IFERROR(MATCH(F96,МДМ!$A:$A,0),0)=0,"Не установлено","Установлено") -> Не установлено | H96: Муругов Денис Анатольевич | I96: 9106083286
A97: 96 | B97: ЦИП | C97: Калугаэнерго | D97: Боровский | E97: 79158901818 79158902121 79158902929 79158902424 79158903362 79158900071 | F97: 358205080889069 | G97: =IF(IFERROR(MATCH(F97,МДМ!$A:$A,0),0)=0,"Не установлено","Установлено") -> Не установлено | H97: Муругов Денис Анатольевич | I97: 9106083286
A98: 97 | B98: ЦИП | C98: Калугаэнерго | D98: Боровский | E98: 79158901818 79158902121 79158902929 79158902424 79158903362 79158900071 | F98: 358205080889176 | G98: =IF(IFERROR(MATCH(F98,МДМ!$A:$A,0),0)=0,"Не установлено","Установлено") -> Не установлено | H98: Муругов Денис Анатольевич | I98: 9106083286
A99: 98 | B99: ЦИП | C99: Калугаэнерго | D99: Боровский | E99: 79158901818 79158902121 79158902929 79158902424 79158903362 79158900071 | F99: 358205080889184 | G99: =IF(IFERROR(MATCH(F99,МДМ!$A:$A,0),0)=0,"Не установлено","Установлено") -> Не установлено | H99: Муругов Денис Анатольевич | I99: 9106083286
A100: 99 | B100: ЦИП | C100: Калугаэнерго | D100: Боровский | E100: 79158901818 79158902121 79158902929 79158902424 79158903362 79158900071 | F100: 358205080889093 | G100: =IF(IFERROR(MATCH(F100,МДМ!$A:$A,0),0)=0,"Не установлено","Установлено") -> Не установлено | H100: Муругов Денис Анатольевич | I100: 9106083286
A101: 100 | B101: ЦИП | C101: Калугаэнерго | D101: Боровский | E101: 79158901818 79158902121 79158902929 79158902424 79158903362 79158900071 | F101: 358205080889671 | G101: =IF(IFERROR(MATCH(F101,МДМ!$A:$A,0),0)=0,"Не установлено","Установлено") -> Не установлено | H101: Муругов Денис Анатольевич | I101: 9106083286
A102: 101 | B102: ЦИП | C102: Калугаэнерго | D102: Тарусский | E102: 79158900335 79158900442 79158900331 79158902323 | F102: 358205080908786 | G102: =IF(IFERROR(MATCH(F102,МДМ!$A:$A,0),0)=0,"Не установлено","Установлено") -> Установлено | H102: Никипелов Василий Викторович | I102: 9805103353
... A119: 118 | B119: ЦИП | C119: Калугаэнерго | D119: Бабынинский | E119: 79158904568 79105205796 79158900051 | F119: 358205080889648 | G119: =IF(IFERROR(MATCH(F119,МДМ!$A:$A,0),0)=0,"Не установлено","Установлено") -> Установлено | H119: Черников Алексей Дмитриевич | I119: 9109114361
A120: 119 | B120: ЦИП | C120: Кировэнерго | D120: Юрьянский | E120: 9823908928 | F120: 358205080871612 | G120: =IF(IFERROR(MATCH(F120,МДМ!$A:$A,0),0)=0,"Не установлено","Установлено") -> Не установлено | H120: Чудиновских Сергей Аркадьевич | I120: 9128296799
A121: 120 | B121: ЦИП | C121: Кировэнерго | D121: Советский | E121: 9823910455 | F121: 358205080891057 | G121: =IF(IFERROR(MATCH(F121,МДМ!$A:$A,0),0)=0,"Не установлено","Установлено") -> Установлено | H121: Лоскутов Иван Леонидович | I121: 9123698057
A122: 121 | B122: ЦИП | C122: Кировэнерго | D122: Оричевский | E122: 9823910943 | F122: 358205080902714 | G122: =IF(IFERROR(MATCH(F122,МДМ!$A:$A,0),0)=0,"Не установлено","Установлено") -> Не установлено | H122: Шишкин Максим Анатольевич | I122: 9823840880
A123: 122 | B123: ЦИП | C123: Кировэнерго | D123: Слободской | E123: 9823910460 | F123: 358205080904785 | G123: =IF(IFERROR(MATCH(F123,МДМ!$A:$A,0),0)=0,"Не установлено","Установлено") -> Установлено | H123: Шевченко Игорь Олегович | I123: 9127011218
A124: 123 | B124: Центр | C124: Костромаэнерго | D124: Нерехтский | F124: 358205083586993 | G124: =IF(IFERROR(MATCH(F124,МДМ!$A:$A,0),0)=0,"Не установлено","Установлено") -> Установлено | H124: Разгуляев Александр Сергеевич | I124: 9159049591
A125: 124 | B125: Центр | C125: Костромаэнерго | D125: Нерехтский | F125: 358205083586886 | G125: =IF(IFERROR(MATCH(F125,МДМ!$A:$A,0),0)=0,"Не установлено","Установлено") -> Не установлено | H125: Разгуляев Александр Сергеевич | I125: 9159049591
A126: 125 | B126: Центр | C126: Костромаэнерго | D126: Красносельский | F126: 358205083574833 | G126: =IF(IFERROR(MATCH(F126,МДМ!$A:$A,0),0)=0,"Не установлено","Установлено") -> Не установлено | H126: Корнилов Сергей Евгеньевич | I126: 9106600728
A127: 126 | B127: Центр | C127: Костромаэнерго | D127: Красносельский | F127: 358205083574973 | G127: =IF(IFERROR(MATCH(F127,МДМ!$A:$A,0),0)=0,"Не установлено","Установлено") -> Установлено | H127: Корнилов Сергей Евгеньевич | I127: 9106600728
A128: 127 | B128: Центр | C128: Костромаэнерго | D128: Красносельский | F128: 358205083574965 | G128: =IF(IFERROR(MATCH(F128,МДМ!$A:$A,0),0)=0,"Не установлено","Установлено") -> Не установлено | H128: Корнилов Сергей Евгеньевич | I128: 9106600728
A129: 128 | B129: Центр | C129: Костромаэнерго | D129: Красносельский | F129: 358205083586936 | G129: =IF(IFERROR(MATCH(F129,МДМ!$A:$A,0),0)=0,"Не установлено","Установлено") -> Установлено | H129: Корнилов Сергей Евгеньевич | I129: 9106600728
A130: 129 | B130: Центр | C130: Костромаэнерго | D130: Судиславский | F130: 358205083575103 | G130: =IF(IFERROR(MATCH(F130,МДМ!$A:$A,0),0)=0,"Не установлено","Установлено") -> Не установлено | H130: Зайцев Иван Валентинович | I130: 9159007319
A131: 130 | B131: Центр | C131: Костромаэнерго | D131: Судиславский | F131: 358205083574411 | G131: =IF(IFERROR(MATCH(F131,МДМ!$A:$A,0),0)=0,"Не установлено","Установлено") -> Установлено | H131: Зайцев Иван Валентинович | I131: 9159007319
A132: 131 | B132: Центр | C132: Курскэнерго | D132: Курский | E132: 79107405866 | F132: 358205080898011 | G132: =IF(IFERROR(MATCH(F132,МДМ!$A:$A,0),0)=0,"Не установлено","Установлено") -> Не установлено | H132: Бучковец Юрий Михайлович | I132: 9155119116
A133: 132 | B133: Центр | C133: Курскэнерго | D133: Курчатовский | E133: 79107404938 | F133: 358205080897559 | G133: =IF(IFERROR(MATCH(F133,МДМ!$A:$A,0),0)=0,"Не установлено","Установлено") -> Установлено | H133: Захаров Андрей Юрьевич | I133: 9107306139
A134: 133 | B134: Центр | C134: Курскэнерго | D134: Золотухинский | E134: 79107405659 | F134: 358205080897922 | G134: =IF(IFERROR(MATCH(F134,МДМ!$A:$A,0),0)=0,"Не установлено","Установлено") -> Не установлено | H134: Овчаров Евгений Алексеевич | I134: 9192716469
...

Sheet Неплан ОПЭ
A1: IMEI | B1: Дата активности | C1: Филиал
A2: 358205084170847 | B2: 45335.332 | C2: Тулэнерго
A3: 358205083587272 | B3: 45336.212 | C3: Костромаэнерго
A4: 358205083588205 | B4: 45336.225 | C4: Липецкэнерго
A5: 358205084539561 | B5: 45338.495 | C5: Белгородэнерго
A6: 358205086912733 | B6: 45335.714 | C6: Белгородэнерго
A7: 358205080899183 | B7: 45335.36 | C7: Воронежэнерго
A8: 358205080900163 | B8: 45337.409 | C8: Воронежэнерго
A9: 358205080890471 | B9: 45335.261 | C9: Удмуртэнерго
A10: 358205080902987 | B10: 45335.469 | C10: Рязаньэнерго
A11: 358205080904546 | B11: 45335.468 | C11: НижНовЭнерго
A12: 358205083587207 | B12: 45336.219 | C12: Тулэнерго
A13: 358205080890364 | B13: 45338.5 | C13: НижНовЭнерго
... A691: 358205080899779 | B691: 45337.408 | C691: Воронежэнерго

Sheet МДМ
A1: IMEI | B1: Дата активности | C1: Филиал | D1: APN
A2: 358205084170847 | B2: 45335.332 | C2: Тулэнерго | D2: =INDEX('План ОПЭ'!$D$2:$D$195,MATCH(_1[[#This Row],[IMEI]],'План ОПЭ'!$F$2:$F$195,0),1) -> #N/A
A3: 358205083587272 | B3: 45336.212 | C3: Костромаэнерго | D3: =#NAME? -> #NAME?
A4: 358205083588205 | B4: 45336.225 | C4: Липецкэнерго | D4: =#NAME? -> #NAME?
A5: 358205084520801 | B5: 45335.432 | C5: Тамбовэнерго | D5: =#NAME? -> #NAME?
A6: 358205084539561 | B6: 45338.495 | C6: Белгородэнерго | D6: =#NAME? -> #NAME?
A7: 358205086912733 | B7: 45335.714 | C7: Белгородэнерго | D7: =#NAME? -> #NAME?
A8: 358205080899183 | B8: 45335.36 | C8: Воронежэнерго | D8: =#NAME? -> #NAME?
A9: 358205080900163 | B9: 45337.409 | C9: Воронежэнерго | D9: =#NAME? -> #NAME?
A10: 358205080890471 | B10: 45335.261 | C10: Удмуртэнерго | D10: =#NAME? -> #NAME?
A11: 358205080890554 | B11: 45335.464 | C11: Владимирэнерго | D11: =#NAME? -> #NAME?
A12: 358205080890620 | B12: 45335.43 | C12: Владимирэнерго | D12: =#NAME? -> #NAME?
A13: 358205080890661 | B13: 45335.462 | C13: Владимирэнерго | D13: =#NAME? -> #NAME?
A14: 358205080899597 | B14: 45335.643 | C14: Владимирэнерго | D14: =#NAME? -> #NAME?
... A790: 358205080899779 | B790: 45337.408 | C790: Воронежэнерго | D790: =#NAME? -> #NAME?
